{
    "answers": {
        "phase": "coding",
        "action": "use case specification",
        "scope": "backend",
        "action experience": "fair",
        "prog lang": "js-node",
        "other prog lang": "<fill in>",
        "tool": "chat gpt 4.x",
        "other tool": "<fill in>",
        "tool option": "full",
        "tool experience": "master",
        "time allocated (h)": "3",
        "time saved estimate (h)": "2", 
        "quality of ai help": "minor modifications needed",
        "generic feeling": "great in the future",
        "notes": "The code is working correctly when there is no routes. But in our project we have routes, and somewhere there is an error generated, and I can't find where neither the AI tool can find it. So the code is probably correct but it doesn't work"
    }
}