{
    "answers": {
        "phase": "architecture",
        "action": "requirements (non-functional)",
        "scope":  "database design",
        "action experience": "big",
        "prog lang": "sql",
        "other prog lang": "<fill in>",
        "tool":  "chat gpt 4.x",
        "other tool": "<fill in>",
        "tool option": "full",
        "tool experience": "master",
        "time allocated (h)": "0.1",
        "time saved estimate (h)": "0.2", 
        "quality of ai help": "ready-to-use",
        "generic feeling": "great as-is",
        "notes": "<fill in>"
    }
}