{
    "answers": {
        "phase": "coding",
        "action": "use case specification",
        "scope": "frontend",
        "action experience": "fair",
        "prog lang": "js",
        "other prog lang": "<fill in>",
        "tool": "chat gpt 4.x",
        "other tool": "<fill in>",
        "tool option": "full",
        "tool experience": "master",
        "time allocated (h)": "3",
        "time saved estimate (h)": "2", 
        "quality of ai help": "minor modifications needed",
        "generic feeling": "great in the future",
        "notes": "<fill in>"
    }
}