{
    "answers": {
        "phase": [ "architecture"],
        "action": "dev-ops",
        "scope":  "uml activity", 
        "action experience": "big",
        "prog lang": "other",
        "other prog lang": "UML",
        "tool": "chat gpt 3.x",
        "other tool": "<fill in>",
        "tool option": "free",
        "tool experience":  "master",
        "time allocated (h)": "2",
        "time saved estimate (h)": "2", 
        "quality of ai help": "ready-to-use",
        "generic feeling": "great in the future",
        "notes": "<fill in>"
    }
}