{
    "answers": {
        "phase":  "design",
        "action": "design decision",
        "scope": "frontend", 
        "prog lang": "other",
        "other prog lang": "HTML",
        "tool": "chat gpt 4.x",
        "other tool": "<fill in>",
        "tool option": "full",
        "tool experience": "master",
        "time allocated (h)": "0.5",
        "time saved estimate (h)": "0.5", 
        "quality of ai help": "ready-to-use",
        "generic feeling": "great in the future",
        "notes": "<fill in>"
    }
}