{
    "answers": {
        "phase": "coding",
        "action": "problem understanding",
        "scope": "backend",
        "action experience": "little",
        "prog lang": "js",
        "other prog lang": "H<fill in>TML",
        "tool": "chat gpt 3.x",
        "other tool": "<fill in>",
        "tool option": "free",
        "tool experience": "enough",
        "time allocated (h)": "1",
        "time saved estimate (h)": "1", 
        "quality of ai help": "minor modifications needed",
        "generic feeling": "great in the future",
        "notes": ""
    }
}